{
  "Diagnosed PD": {
    "months": [
      0,
      6,
      12,
      18,
      24,
      30,
      36,
      48,
      60,
      72,
      84,
      96,
      102,
      108,
      114,
      120,
      126,
      132,
      138,
      144,
      150,
      156,
      162,
      168
    ],
    "n_patients": 2166,
    "domains": {
      "Part_I": [
        1.2753988767332856,
        1.29000129652814,
        1.290462188179183,
        1.3210151449841931,
        1.3530110217438518,
        1.391750491688336,
        1.4210997254139999,
        1.4812975315227488,
        1.540358031180382,
        1.5816120685917392,
        1.5933750775973197,
        1.5919952372141277,
        1.5764467004295535,
        1.5539945817188776,
        1.5852526984250244,
        1.5565390192553186,
        1.6161011730197279,
        1.6075726179548668,
        1.5947137506899314,
        1.6510273242675706,
        1.6839079780077693,
        1.686209048618634,
        1.5009315316832272,
        1.691362548533861
      ],
      "Part_II": [
        1.2897158276087903,
        1.3327390080231583,
        1.3275263332597413,
        1.3572384290102404,
        1.3847023374866008,
        1.4422897043722118,
        1.474399296732475,
        1.5814204340428568,
        1.6772672726115185,
        1.7331730135797219,
        1.7945666378315879,
        1.7853906225443839,
        1.8772057739906107,
        1.7513324185419068,
        1.8466812625395148,
        1.7871833942853637,
        1.8634033923112587,
        1.8720616704307607,
        1.8941266452456953,
        1.8796467917465292,
        1.8828804298390929,
        1.878687952520693,
        1.9597394402486121,
        1.9879312853061095
      ],
      "Part_III": [
        1.38810617880771,
        1.3997116498772835,
        1.4087170711197614,
        1.420798084748558,
        1.416054374772205,
        1.4379361037595881,
        1.4750151047047526,
        1.5184073298021743,
        1.5360747626540308,
        1.558979632939697,
        1.557743991423696,
        1.5873059388207014,
        1.5070193520250033,
        1.5638611115410357,
        1.5292389670779036,
        1.6304582523690814,
        1.5682100008546749,
        1.6842445988028447,
        1.5954643304681433,
        1.6742494456090007,
        1.5891494790353557,
        1.640156613455149,
        1.3394531782522954,
        1.5797164588805148
      ]
    }
  },
  "Healthy Control": {
    "months": [
      0,
      6,
      12,
      18,
      24,
      30,
      36,
      48,
      60,
      72,
      84,
      96,
      102,
      108,
      114,
      120,
      126,
      132,
      138,
      144,
      150,
      156,
      162,
      168
    ],
    "n_patients": 440,
    "domains": {
      "Part_I": [
        0.7849291553316025,
        0.8240003240393461,
        0.7658382995992986,
        0.8320957584871578,
        0.777098294472817,
        0.686497730942187,
        0.799408493645507,
        0.7923850911861218,
        0.7717762674170453,
        0.6775383590717229,
        0.8113380585774647,
        0.7883634066161828,
        0.744256099474762,
        0.7380311910006042,
        0.7524852383469987,
        0.8220306887944051,
        0.7368865897549379,
        0.8376804870292273,
        0.6808948128774559,
        0.7687261288766977,
        0.7918518976538879,
        0.7914843632911409,
        0.752940582920975,
        0.9188294737853268
      ],
      "Part_II": [
        0.1821738066821964,
        0.2168160887862645,
        0.170049305452623,
        0.256017799679481,
        0.21112381539184805,
        0.1982823172181343,
        0.22832761441358057,
        0.23463327343114904,
        0.28375348516513194,
        0.33632836357615675,
        0.271003642625733,
        0.3028180170580268,
        0.4319325721983749,
        0.3328362690408542,
        0.3520252432465547,
        0.3563995842076073,
        0.29883353699410037,
        0.34301557099092533,
        0.27637340069214866,
        0.34801863873531413,
        0.349061219456652,
        0.362708502849566,
        0.3068875386931579,
        0.4116128007175795
      ],
      "Part_III": [
        0.24023482070152824,
        0.3011022074815845,
        0.2696105088054409,
        0.3159078992604958,
        0.28096659294110915,
        0.24578840979018318,
        0.2741132383365553,
        0.3056521989082173,
        0.34982796966743707,
        0.29980579971186405,
        0.3960032062328038,
        0.3395059503912168,
        0.30240338286998947,
        0.4069964931638756,
        0.39343974451953345,
        0.4728416305712981,
        0.30962195737331794,
        0.42633444098070233,
        0.3707641997184898,
        0.440213960452543,
        0.38220953991334466,
        0.4194139431281966,
        0.3032414350421628,
        0.4555872779544855
      ]
    }
  }
}