{
  "GBA1-PD": {
    "months": [
      0,
      6,
      12,
      18,
      24,
      30,
      36,
      42,
      48,
      54,
      60,
      66,
      72,
      84,
      96,
      108
    ],
    "n_patients": 128,
    "domains": {
      "Part_I": [
        1.337199964842548,
        1.414642556033204,
        1.3831834228564497,
        1.4078115784065846,
        1.5065991222165733,
        1.5110610566978138,
        1.5470435231095319,
        1.6111870510281923,
        1.606413856422518,
        1.547762052394329,
        1.6522737518202126,
        1.7005050112908284,
        1.7356233266294185,
        1.681987349353358,
        1.6754248993664775,
        1.4479627140820193
      ],
      "Part_II": [
        1.3638910902860981,
        1.4922708930755455,
        1.5079793599276814,
        1.5006536605132146,
        1.5599455492464998,
        1.544811153962872,
        1.4849009400421205,
        1.598809097932463,
        1.6864680850994533,
        1.8072358749604303,
        1.8135592460320984,
        1.8292092588927653,
        1.944202161945086,
        2.0024052980227802,
        1.827229604692905,
        1.6410599147296347
      ],
      "Part_III": [
        1.4186797932548652,
        1.363217293684439,
        1.4511006576170222,
        1.4325293622770068,
        1.409535260044837,
        1.3259993326345323,
        1.4523244651615068,
        1.4209648081247148,
        1.4906626991722622,
        1.4129322554586778,
        1.492561919066501,
        1.3838519443363837,
        1.605710274435168,
        1.5897822119056886,
        1.540228885747443,
        1.430048031827624
      ],
      "Part_IV": [
        1.0520391645317901,
        1.0538098479138245,
        0.9895629373944769,
        1.1085349298011136,
        1.1772928690658435,
        1.2253295711388934,
        1.1646580950895968,
        1.2353627646373844,
        1.2863870005983973,
        1.4603752743046294,
        1.5082182886637714,
        1.605021829583847,
        1.6397908965284138,
        1.6813203516106017,
        1.7687991349738768,
        1.5589528515882003
      ]
    }
  },
  "Sporadic PD": {
    "months": [
      0,
      6,
      12,
      18,
      24,
      30,
      36,
      42,
      48,
      54,
      60,
      66,
      72,
      84,
      96,
      108
    ],
    "n_patients": 1076,
    "domains": {
      "Part_I": [
        1.177660275073336,
        1.237668667444961,
        1.2525210467342949,
        1.2763670546603703,
        1.308004814141896,
        1.3540391322209417,
        1.3879114029809523,
        1.4168861422626178,
        1.4303233019933106,
        1.4429561057035867,
        1.4976981930075177,
        1.2963200162629722,
        1.487888666009622,
        1.5259304271663146,
        1.5476516424999487,
        1.5346998287463474
      ],
      "Part_II": [
        1.1839404091922576,
        1.2794806411221944,
        1.2730479945459134,
        1.302414414590856,
        1.3311708742917658,
        1.3966718391276798,
        1.4460543813338904,
        1.493368536329663,
        1.510557488988526,
        1.539204914283758,
        1.5784795670985605,
        1.3277460177514142,
        1.6007571165837007,
        1.6792027566357288,
        1.7102349612090546,
        1.7007099015490619
      ],
      "Part_III": [
        1.354283183730292,
        1.4035884357025026,
        1.4034496072474016,
        1.4165301746101566,
        1.4146594117347302,
        1.438477496537169,
        1.47238995436358,
        1.4896161457607102,
        1.5030252091996261,
        1.5187843100982765,
        1.5262778654047664,
        1.2334272785381717,
        1.5156581012623005,
        1.556533855361218,
        1.6126700535812462,
        1.5905612087796388
      ],
      "Part_IV": [
        0.051590571525054196,
        0.38872673219036297,
        0.4628715771217468,
        0.570310377183458,
        0.6860302829745066,
        0.5000680419707265,
        0.7414780858394868,
        0.7693634628809258,
        0.91160287459103,
        0.9157610424399122,
        1.0426510765151051,
        1.1652755738530418,
        1.2827538378918697,
        1.4736421271140276,
        1.4553718754839837,
        1.4802732165937702
      ]
    }
  }
}